CHROM,POS,TYPE,REF,ALT,EVIDENCE,FTYPE,STRAND,NT_POS,AA_POS,EFFECT,LOCUS_TAG,GENE,PRODUCT
NC_002695.2,18711,snp,A,C,C:20 A:0
NC_002695.2,46551,del,TTGTTA,T,T:18 TTGTTA:0
NC_002695.2,46728,snp,A,G,G:20 A:0
NC_002695.2,52453,snp,C,T,T:20 C:0
NC_002695.2,53716,snp,C,T,T:20 C:0
NC_002695.2,55068,snp,C,T,T:20 C:0
NC_002695.2,63128,snp,T,G,G:20 T:0
NC_002695.2,65219,snp,C,T,T:20 C:0
NC_002695.2,82906,snp,C,T,T:20 C:0
NC_002695.2,88702,snp,T,C,C:20 T:0
NC_002695.2,100192,snp,G,A,A:20 G:0
NC_002695.2,121705,snp,T,C,C:20 T:0
NC_002695.2,131796,snp,C,T,T:20 C:0
NC_002695.2,142585,snp,T,C,C:20 T:0
NC_002695.2,142880,snp,C,A,A:20 C:0
NC_002695.2,154175,snp,C,A,A:20 C:0
NC_002695.2,160673,snp,T,C,C:20 T:0
NC_002695.2,171916,snp,T,C,C:20 T:0
NC_002695.2,180161,snp,T,C,C:20 T:0
NC_002695.2,205309,snp,C,T,T:20 C:0
NC_002695.2,218092,snp,T,C,C:20 T:0
NC_002695.2,222252,snp,G,T,T:20 G:0
NC_002695.2,239592,snp,T,C,C:20 T:0
NC_002695.2,263740,snp,T,C,C:20 T:0
NC_002695.2,264929,snp,T,C,C:20 T:0
NC_002695.2,265146,snp,G,A,A:20 G:0
NC_002695.2,274976,snp,T,C,C:20 T:0
NC_002695.2,287784,snp,A,G,G:20 A:0
NC_002695.2,289211,snp,A,G,G:20 A:0
NC_002695.2,299159,snp,C,T,T:20 C:0
NC_002695.2,319086,snp,C,T,T:20 C:0
NC_002695.2,329379,ins,T,TA,TA:20 T:0
NC_002695.2,329642,snp,G,T,T:20 G:0
NC_002695.2,331011,snp,C,A,A:20 C:0
NC_002695.2,357833,snp,C,A,A:20 C:0
NC_002695.2,358637,snp,G,A,A:20 G:0
NC_002695.2,366986,snp,C,A,A:20 C:0
NC_002695.2,372615,snp,T,C,C:20 T:0
NC_002695.2,372667,del,GT,G,G:19 GT:0
NC_002695.2,372767,snp,G,A,A:20 G:0
NC_002695.2,372815,snp,T,G,G:20 T:0
NC_002695.2,379517,snp,A,G,G:20 A:0
NC_002695.2,392799,snp,G,A,A:20 G:0
NC_002695.2,421748,snp,T,C,C:20 T:0
NC_002695.2,423818,snp,T,G,G:20 T:0
NC_002695.2,435466,snp,A,G,G:20 A:0
NC_002695.2,438025,snp,A,C,C:20 A:0
NC_002695.2,450915,del,TG,T,T:20 TG:0
NC_002695.2,467556,snp,A,C,C:20 A:0
NC_002695.2,469825,snp,T,C,C:20 T:0
NC_002695.2,494158,ins,G,GT,GT:20 G:0
NC_002695.2,515792,snp,C,T,T:20 C:0
NC_002695.2,544237,snp,C,T,T:20 C:0
NC_002695.2,548439,snp,G,T,T:20 G:0
NC_002695.2,564569,snp,C,T,T:20 C:0
NC_002695.2,566168,snp,C,A,A:20 C:0
NC_002695.2,569387,snp,C,T,T:20 C:0
NC_002695.2,574781,snp,C,T,T:20 C:0
NC_002695.2,590129,del,TG,T,T:19 TG:0
NC_002695.2,600476,snp,T,A,A:20 T:0
NC_002695.2,626497,snp,G,A,A:20 G:0
NC_002695.2,632645,snp,T,A,A:20 T:0
NC_002695.2,645863,snp,A,G,G:20 A:0
NC_002695.2,648905,snp,T,C,C:16 T:0
NC_002695.2,650323,ins,T,TGTCGCTGAG,TGTCGCTGAG:17 T:0
NC_002695.2,651645,snp,T,C,C:20 T:0
NC_002695.2,670648,snp,G,A,A:20 G:0
NC_002695.2,675714,snp,T,A,A:20 T:0
NC_002695.2,676959,snp,A,C,C:20 A:0
NC_002695.2,694362,snp,G,A,A:20 G:0
NC_002695.2,714214,snp,C,T,T:20 C:0
NC_002695.2,714671,snp,C,T,T:20 C:0
NC_002695.2,730802,snp,A,C,C:20 A:0
NC_002695.2,731711,snp,C,G,G:20 C:0
NC_002695.2,752997,snp,T,C,C:11 T:0
NC_002695.2,769320,snp,G,A,A:20 G:0
NC_002695.2,779528,snp,A,G,G:20 A:0
NC_002695.2,789195,snp,T,C,C:20 T:0
NC_002695.2,792648,snp,C,T,T:20 C:0
NC_002695.2,802911,snp,G,A,A:20 G:0
NC_002695.2,823453,snp,G,T,T:20 G:0
NC_002695.2,826658,snp,T,C,C:20 T:0
NC_002695.2,848520,snp,A,G,G:20 A:0
NC_002695.2,855510,snp,C,T,T:20 C:0
NC_002695.2,863650,snp,C,T,T:20 C:0
NC_002695.2,899123,del,AG,A,A:18 AG:0
NC_002695.2,912753,snp,T,C,C:20 T:0
NC_002695.2,933876,snp,T,C,C:20 T:0
NC_002695.2,949063,snp,A,T,T:20 A:0
NC_002695.2,957260,snp,T,A,A:20 T:0
NC_002695.2,958599,snp,T,G,G:20 T:0
NC_002695.2,961458,snp,T,C,C:20 T:0
NC_002695.2,962655,snp,A,G,G:20 A:0
NC_002695.2,964832,snp,T,C,C:20 T:0
NC_002695.2,987774,snp,A,G,G:20 A:0
NC_002695.2,1000812,snp,A,G,G:20 A:0
NC_002695.2,1015135,snp,A,G,G:20 A:0
NC_002695.2,1018223,snp,T,A,A:20 T:0
NC_002695.2,1027220,snp,A,G,G:20 A:0
NC_002695.2,1034910,del,AAAATAAC,A,A:18 AAAATAAC:0
NC_002695.2,1036011,snp,G,A,A:20 G:0
NC_002695.2,1039481,snp,C,T,T:20 C:0
NC_002695.2,1051850,snp,C,T,T:20 C:0
NC_002695.2,1059793,snp,G,T,T:20 G:0
NC_002695.2,1090538,snp,A,C,C:20 A:0
NC_002695.2,1101456,snp,G,A,A:20 G:0
NC_002695.2,1116674,snp,A,G,G:20 A:0
NC_002695.2,1116836,snp,T,C,C:20 T:0
NC_002695.2,1124090,snp,A,C,C:20 A:0
NC_002695.2,1125043,snp,C,T,T:20 C:0
NC_002695.2,1145895,snp,A,T,T:20 A:0
NC_002695.2,1150428,snp,A,G,G:20 A:0
NC_002695.2,1162567,snp,G,C,C:14 G:0
NC_002695.2,1171408,snp,T,C,C:11 T:0
NC_002695.2,1171478,complex,AGT,GGG,GGG:14 AGT:0
NC_002695.2,1171546,snp,A,G,G:14 A:0
NC_002695.2,1215754,snp,C,T,T:20 C:0
NC_002695.2,1215830,del,TG,T,T:18 TG:0
NC_002695.2,1223262,snp,G,A,A:20 G:0
NC_002695.2,1258155,snp,G,A,A:28 G:0
NC_002695.2,1258232,snp,T,A,A:21 T:0
NC_002695.2,1263578,snp,C,A,A:20 C:0
NC_002695.2,1267925,snp,C,T,T:11 C:0
NC_002695.2,1267937,snp,G,T,T:12 G:0
NC_002695.2,1267973,snp,T,C,C:14 T:1
NC_002695.2,1268077,snp,C,T,T:16 C:1
NC_002695.2,1268115,snp,C,T,T:13 C:1
NC_002695.2,1284890,snp,A,C,C:20 A:0
NC_002695.2,1294915,snp,G,A,A:20 G:0
NC_002695.2,1300109,snp,G,A,A:20 G:0
NC_002695.2,1301055,snp,T,C,C:20 T:0
NC_002695.2,1302046,complex,TGTA,CGTG,CGTG:19 TGTA:0
NC_002695.2,1302058,snp,T,C,C:20 T:0
NC_002695.2,1302095,snp,A,G,G:20 A:0
NC_002695.2,1302136,snp,G,A,A:20 G:0
NC_002695.2,1302145,snp,T,G,G:20 T:0
NC_002695.2,1302153,snp,A,G,G:20 A:0
NC_002695.2,1302160,snp,G,T,T:20 G:0
NC_002695.2,1302178,complex,CGCC,AGCT,AGCT:20 CGCC:0
NC_002695.2,1302208,snp,T,G,G:20 T:0
NC_002695.2,1302304,snp,G,C,C:19 G:0
NC_002695.2,1302316,snp,G,T,T:19 G:0
NC_002695.2,1302327,snp,C,T,T:19 C:0
NC_002695.2,1302337,complex,CC,TT,TT:18 CC:0
NC_002695.2,1302359,snp,C,A,A:19 C:0
NC_002695.2,1302415,snp,C,T,T:19 C:0
NC_002695.2,1302439,snp,C,T,T:18 C:0
NC_002695.2,1302463,complex,GA,TG,TG:18 GA:0
NC_002695.2,1302520,complex,ACGCCCTGTAC,GCGTCCGGTGG,GCGTCCGGTGG:17 ACGCCCTGTAC:0
NC_002695.2,1302583,snp,G,T,T:19 G:0
NC_002695.2,1302604,snp,T,C,C:19 T:0
NC_002695.2,1302630,complex,GT,AC,AC:18 GT:0
NC_002695.2,1302637,snp,A,G,G:18 A:0
NC_002695.2,1302649,complex,CAATGCCTTTGTT,TAACGCCGTAATC,TAACGCCGTAATC:16 CAATGCCTTTGTT:0
NC_002695.2,1302724,snp,C,T,T:18 C:0
NC_002695.2,1302778,snp,G,T,T:18 G:0
NC_002695.2,1302799,snp,T,C,C:18 T:0
NC_002695.2,1302856,snp,T,C,C:18 T:0
NC_002695.2,1302886,snp,T,G,G:19 T:0
NC_002695.2,1302904,snp,A,C,C:20 A:0
NC_002695.2,1302910,snp,T,C,C:20 T:0
NC_002695.2,1302949,snp,C,T,T:20 C:0
NC_002695.2,1302955,snp,G,T,T:20 G:0
NC_002695.2,1303018,complex,CTCA,ATCG,ATCG:19 CTCA:0
NC_002695.2,1303075,snp,T,G,G:19 T:0
NC_002695.2,1303084,snp,C,G,G:19 C:0
NC_002695.2,1303114,snp,T,A,A:19 T:0
NC_002695.2,1303170,snp,C,T,T:19 C:0
NC_002695.2,1303237,snp,T,C,C:19 T:0
NC_002695.2,1303255,snp,C,T,T:19 C:0
NC_002695.2,1303273,snp,A,G,G:19 A:0
NC_002695.2,1303282,complex,TCTG,CCTT,CCTT:18 TCTG:0
NC_002695.2,1303294,complex,GCTCGGACAT,CCTTGGGCAC,CCTTGGGCAC:17 GCTCGGACAT:0
NC_002695.2,1303315,complex,GGGACCT,CGGTCCG,CGGTCCG:18 GGGACCT:0
NC_002695.2,1303357,complex,TCCG,ACCT,ACCT:18 TCCG:0
NC_002695.2,1303378,snp,C,T,T:19 C:0
NC_002695.2,1303390,snp,A,G,G:19 A:0
NC_002695.2,1303414,complex,CCGCAGC,TCGGAGT,TCGGAGT:18 CCGCAGC:0
NC_002695.2,1303468,complex,GTC,TGA,TGA:18 GTC:0
NC_002695.2,1303486,snp,T,C,C:19 T:0
NC_002695.2,1303495,snp,C,T,T:19 C:0
NC_002695.2,1303508,snp,G,A,A:19 G:0
NC_002695.2,1303522,snp,G,A,A:19 G:0
NC_002695.2,1303528,snp,A,T,T:19 A:0
NC_002695.2,1303588,snp,T,C,C:20 T:0
NC_002695.2,1303916,complex,CCC,TCA,TCA:19 CCC:0
NC_002695.2,1303953,snp,T,A,A:20 T:0
NC_002695.2,1303958,complex,ATT,GTG,GTG:19 ATT:0
NC_002695.2,1303972,complex,CGGAGGG,TGGTGGT,TGGTGGT:19 CGGAGGG:0
NC_002695.2,1303984,snp,G,T,T:20 G:0
NC_002695.2,1304047,snp,A,G,G:20 A:0
NC_002695.2,1304059,snp,C,T,T:20 C:0
NC_002695.2,1304080,snp,G,A,A:20 G:0
NC_002695.2,1304098,snp,A,T,T:20 A:0
NC_002695.2,1304116,snp,C,T,T:20 C:0
NC_002695.2,1304128,complex,AGAGATTGC,GGAGGTTGT,GGAGGTTGT:19 AGAGATTGC:0
NC_002695.2,1304143,snp,T,C,C:20 T:0
NC_002695.2,1304161,snp,T,C,C:18 T:0
NC_002695.2,1304166,complex,CCGGTGCA,GGGGTTCC,GGGGTTCC:18 CCGGTGCA:0
NC_002695.2,1304185,snp,G,A,A:19 G:0
NC_002695.2,1304284,snp,C,T,T:11 C:0
NC_002695.2,1313733,snp,T,C,C:20 T:0
NC_002695.2,1314468,snp,A,T,T:20 A:0
NC_002695.2,1317353,snp,T,A,A:20 T:0
NC_002695.2,1357107,snp,T,C,C:20 T:0
NC_002695.2,1365664,snp,G,T,T:20 G:0
NC_002695.2,1377442,snp,T,C,C:20 T:0
NC_002695.2,1397792,snp,C,T,T:20 C:0
NC_002695.2,1398305,ins,C,CT,CT:20 C:0
NC_002695.2,1409674,snp,A,G,G:20 A:0
NC_002695.2,1417267,ins,A,AG,AG:19 A:0
NC_002695.2,1417918,snp,G,C,C:20 G:0
NC_002695.2,1419132,snp,T,C,C:20 T:0
NC_002695.2,1425544,del,AAAGTGAAGTGGAGCAGTGG,A,A:16 AAAGTGAAGTGGAGCAGTGG:0
NC_002695.2,1484991,snp,C,T,T:20 C:0
NC_002695.2,1490239,snp,G,A,A:20 G:0
NC_002695.2,1498195,snp,G,A,A:20 G:0
NC_002695.2,1502043,snp,T,C,C:20 T:0
NC_002695.2,1505407,snp,C,T,T:20 C:0
NC_002695.2,1533616,snp,C,T,T:20 C:0
NC_002695.2,1537302,snp,T,C,C:20 T:0
NC_002695.2,1540168,snp,C,T,T:20 C:0
NC_002695.2,1545319,snp,G,A,A:20 G:0
NC_002695.2,1545333,snp,T,C,C:20 T:0
NC_002695.2,1555295,snp,T,C,C:10 T:0
NC_002695.2,1561101,snp,A,G,G:20 A:0
NC_002695.2,1576869,snp,A,G,G:20 A:0
NC_002695.2,1581377,snp,T,G,G:20 T:0
NC_002695.2,1582647,ins,G,GC,GC:19 G:0
NC_002695.2,1592232,snp,A,G,G:20 A:0
NC_002695.2,1594770,snp,G,A,A:20 G:0
NC_002695.2,1595700,snp,G,T,T:19 G:0
NC_002695.2,1595706,complex,AGAA,GGAG,GGAG:18 AGAA:0
NC_002695.2,1595727,complex,GGCA,AGCC,AGCC:17 GGCA:0
NC_002695.2,1595742,snp,C,T,T:19 C:0
NC_002695.2,1595767,snp,G,A,A:19 G:0
NC_002695.2,1595802,snp,T,C,C:19 T:0
NC_002695.2,1595829,complex,AACA,GGCC,GGCC:17 AACA:0
NC_002695.2,1595838,snp,G,A,A:19 G:0
NC_002695.2,1595847,complex,CGGC,TGGA,TGGA:19 CGGC:0
NC_002695.2,1595862,snp,T,C,C:20 T:0
NC_002695.2,1595871,snp,A,T,T:20 A:0
NC_002695.2,1595892,snp,A,G,G:20 A:0
NC_002695.2,1595919,snp,G,C,C:20 G:0
NC_002695.2,1595940,snp,G,T,T:20 G:0
NC_002695.2,1595946,complex,TCAC,GCAT,GCAT:20 TCAC:0
NC_002695.2,1596024,snp,T,G,G:20 T:0
NC_002695.2,1596141,snp,C,T,T:20 C:0
NC_002695.2,1596179,snp,G,A,A:20 G:0
NC_002695.2,1596204,snp,C,T,T:20 C:0
NC_002695.2,1596316,snp,A,G,G:20 A:0
NC_002695.2,1596371,snp,G,T,T:20 G:0
NC_002695.2,1596689,snp,G,A,A:20 G:0
NC_002695.2,1596784,snp,A,G,G:20 A:0
NC_002695.2,1596789,snp,A,G,G:20 A:0
NC_002695.2,1596795,snp,A,C,C:20 A:0
NC_002695.2,1596817,snp,T,C,C:20 T:0
NC_002695.2,1596875,complex,GTT,TTA,TTA:18 GTT:0
NC_002695.2,1596883,complex,GTG,ATA,ATA:20 GTG:0
NC_002695.2,1596941,snp,A,T,T:20 A:0
NC_002695.2,1596978,snp,A,G,G:20 A:0
NC_002695.2,1596983,snp,T,G,G:18 T:0
NC_002695.2,1597030,snp,T,C,C:14 T:0
NC_002695.2,1601280,snp,T,C,C:10 T:0
NC_002695.2,1601294,snp,G,A,A:11 G:0
NC_002695.2,1601350,snp,C,T,T:16 C:0
NC_002695.2,1601356,snp,A,G,G:16 A:0
NC_002695.2,1601368,snp,G,C,C:16 G:0
NC_002695.2,1601413,snp,T,C,C:18 T:0
NC_002695.2,1601452,snp,G,T,T:20 G:0
NC_002695.2,1601461,complex,TAGT,CAGC,CAGC:20 TAGT:0
NC_002695.2,1601470,snp,G,A,A:19 G:0
NC_002695.2,1601476,complex,TGGG,CGGA,CGGA:19 TGGG:0
NC_002695.2,1601495,snp,C,T,T:20 C:0
NC_002695.2,1601515,complex,TAAG,CAAA,CAAA:18 TAAG:0
NC_002695.2,1601526,snp,A,G,G:20 A:0
NC_002695.2,1601554,snp,C,T,T:20 C:0
NC_002695.2,1601584,snp,C,A,A:20 C:0
NC_002695.2,1601608,snp,G,A,A:20 G:0
NC_002695.2,1601623,complex,TTAT,CTGG,CTGG:18 TTAT:0
NC_002695.2,1601635,snp,T,C,C:20 T:0
NC_002695.2,1601659,snp,T,C,C:20 T:0
NC_002695.2,1601671,snp,T,A,A:20 T:0
NC_002695.2,1601746,complex,CGG,TGA,TGA:18 CGG:0
NC_002695.2,1601753,snp,C,T,T:18 C:0
NC_002695.2,1601769,snp,G,A,A:19 G:0
NC_002695.2,1601795,snp,A,G,G:18 A:0
NC_002695.2,1601801,snp,C,G,G:18 C:0
NC_002695.2,1601854,snp,T,A,A:18 T:0
NC_002695.2,1601885,complex,GGTT,CATC,CATC:16 GGTT:0
NC_002695.2,1601912,snp,C,A,A:18 C:0
NC_002695.2,1601926,complex,AGC,GGG,GGG:18 AGC:0
NC_002695.2,1601948,snp,C,T,T:18 C:0
NC_002695.2,1601962,snp,G,A,A:18 G:0
NC_002695.2,1601987,snp,T,C,C:18 T:0
NC_002695.2,1602007,complex,TAAGC,CTGGT,CTGGT:18 TAAGC:0
NC_002695.2,1602026,snp,T,C,C:20 T:0
NC_002695.2,1602034,complex,CA,AG,AG:20 CA:0
NC_002695.2,1602046,ins,C,CA,CA:19 C:0
NC_002695.2,1602160,ins,G,GA,GA:18 G:0
NC_002695.2,1630863,snp,G,A,A:16 G:0
NC_002695.2,1653048,snp,G,A,A:20 G:0
NC_002695.2,1668543,snp,G,A,A:20 G:0
NC_002695.2,1713265,snp,T,C,C:20 T:0
NC_002695.2,1723254,snp,C,T,T:20 C:0
NC_002695.2,1724098,snp,G,T,T:20 G:0
NC_002695.2,1747091,snp,T,C,C:20 T:0
NC_002695.2,1749762,snp,C,A,A:20 C:0
NC_002695.2,1759683,complex,TTCT,AACG,AACG:19 TTCT:0
NC_002695.2,1759762,snp,T,C,C:17 T:0
NC_002695.2,1759831,complex,TGATACTCT,AGGTTCTTG,AGGTTCTTG:11 TGATACTCT:0
NC_002695.2,1764334,snp,G,C,C:20 G:0
NC_002695.2,1809965,snp,A,G,G:20 A:0
NC_002695.2,1811779,snp,T,A,A:20 T:0
NC_002695.2,1814022,snp,T,A,A:20 T:0
NC_002695.2,1814467,snp,C,T,T:20 C:0
NC_002695.2,1824374,snp,A,G,G:20 A:0
NC_002695.2,1846680,snp,A,G,G:20 A:0
NC_002695.2,1860739,snp,G,A,A:20 G:0
NC_002695.2,1862745,snp,G,A,A:20 G:0
NC_002695.2,1869677,del,AG,A,A:18 AG:0
NC_002695.2,1874475,snp,A,G,G:20 A:0
NC_002695.2,1877572,snp,G,A,A:20 G:0
NC_002695.2,1880472,snp,G,A,A:20 G:0
NC_002695.2,1918851,del,CT,C,C:20 CT:0
NC_002695.2,1963280,snp,C,G,G:11 C:0
NC_002695.2,1974213,snp,G,A,A:20 G:0
NC_002695.2,1976872,snp,T,C,C:20 T:0
NC_002695.2,1988016,snp,T,A,A:20 T:0
NC_002695.2,2030187,snp,A,G,G:20 A:0
NC_002695.2,2033313,snp,T,G,G:20 T:0
NC_002695.2,2041703,snp,C,A,A:20 C:0
NC_002695.2,2050030,snp,G,A,A:20 G:0
NC_002695.2,2060596,snp,A,G,G:20 A:0
NC_002695.2,2067295,snp,C,T,T:20 C:0
NC_002695.2,2074797,snp,T,C,C:20 T:0
NC_002695.2,2082270,ins,G,GC,GC:20 G:0
NC_002695.2,2100199,snp,A,G,G:20 A:0
NC_002695.2,2115481,snp,A,G,G:20 A:0
NC_002695.2,2119818,snp,C,T,T:20 C:0
NC_002695.2,2136615,snp,C,T,T:20 C:0
NC_002695.2,2140806,snp,A,G,G:20 A:0
NC_002695.2,2143917,snp,G,A,A:20 G:0
NC_002695.2,2181953,snp,A,G,G:20 A:0
NC_002695.2,2183430,snp,A,G,G:12 A:0
NC_002695.2,2211535,snp,A,C,C:18 A:0
NC_002695.2,2214543,snp,A,G,G:10 A:0
NC_002695.2,2217493,ins,A,AG,AG:20 A:0
NC_002695.2,2246507,snp,A,C,C:20 A:0
NC_002695.2,2274474,snp,C,T,T:20 C:0
NC_002695.2,2289363,snp,A,C,C:20 A:0
NC_002695.2,2293335,snp,G,T,T:20 G:0
NC_002695.2,2323387,snp,G,T,T:20 G:0
NC_002695.2,2330586,snp,G,A,A:20 G:0
NC_002695.2,2334608,snp,C,T,T:20 C:0
NC_002695.2,2343340,snp,G,A,A:20 G:0
NC_002695.2,2347671,snp,C,T,T:20 C:0
NC_002695.2,2355146,snp,G,T,T:20 G:0
NC_002695.2,2364602,snp,G,A,A:20 G:0
NC_002695.2,2369964,snp,G,A,A:20 G:0
NC_002695.2,2373558,snp,A,G,G:20 A:0
NC_002695.2,2375318,snp,C,T,T:20 C:0
NC_002695.2,2379604,snp,A,T,T:20 A:0
NC_002695.2,2395730,snp,A,G,G:20 A:0
NC_002695.2,2405194,snp,T,C,C:20 T:0
NC_002695.2,2409220,snp,A,G,G:20 A:0
NC_002695.2,2411242,snp,T,A,A:20 T:0
NC_002695.2,2419355,snp,A,G,G:20 A:0
NC_002695.2,2425426,ins,G,GA,GA:19 G:0
NC_002695.2,2426847,snp,C,A,A:20 C:0
NC_002695.2,2434952,snp,G,A,A:20 G:0
NC_002695.2,2447155,snp,G,A,A:20 G:0
NC_002695.2,2488183,snp,C,A,A:20 C:0
NC_002695.2,2488785,snp,A,G,G:20 A:0
NC_002695.2,2497830,snp,T,G,G:20 T:0
NC_002695.2,2544576,snp,C,T,T:20 C:0
NC_002695.2,2558395,snp,C,T,T:20 C:0
NC_002695.2,2564990,snp,G,T,T:20 G:0
NC_002695.2,2581670,snp,A,G,G:20 A:0
NC_002695.2,2584569,snp,T,A,A:20 T:0
NC_002695.2,2621476,ins,T,TG,TG:20 T:0
NC_002695.2,2624324,snp,A,C,C:20 A:0
NC_002695.2,2624354,snp,A,G,G:20 A:0
NC_002695.2,2632998,snp,A,G,G:20 A:0
NC_002695.2,2642605,snp,C,T,T:20 C:0
NC_002695.2,2653471,snp,G,T,T:20 G:0
NC_002695.2,2668017,snp,A,G,G:16 A:0
NC_002695.2,2668881,del,GA,G,G:19 GA:0
NC_002695.2,2717582,del,CG,C,C:16 CG:0
NC_002695.2,2728160,snp,A,G,G:20 A:0
NC_002695.2,2731757,snp,A,C,C:20 A:0
NC_002695.2,2766755,snp,G,A,A:20 G:0
NC_002695.2,2769942,snp,C,T,T:20 C:0
NC_002695.2,2796327,snp,A,G,G:20 A:0
NC_002695.2,2806085,snp,C,A,A:20 C:0
NC_002695.2,2831787,snp,G,C,C:20 G:0
NC_002695.2,2837716,snp,T,G,G:20 T:0
NC_002695.2,2862162,ins,A,AGACCACGACCACGACCAC,AGACCACGACCACGACCAC:12 A:0
NC_002695.2,2864426,snp,G,A,A:20 G:0
NC_002695.2,2938605,snp,A,G,G:12 A:0
NC_002695.2,2941917,snp,C,T,T:20 C:0
NC_002695.2,2947019,snp,G,C,C:20 G:0
NC_002695.2,2954514,snp,A,C,C:20 A:0
NC_002695.2,2974421,snp,G,A,A:20 G:0
NC_002695.2,2994132,del,GGTTTGCGTT,G,G:18 GGTTTGCGTT:0
NC_002695.2,3009048,snp,A,G,G:20 A:0
NC_002695.2,3044951,snp,A,G,G:20 A:0
NC_002695.2,3057100,ins,A,AC,AC:20 A:0
NC_002695.2,3060872,snp,T,A,A:20 T:0
NC_002695.2,3064534,snp,G,A,A:20 G:0
NC_002695.2,3071193,snp,T,C,C:20 T:0
NC_002695.2,3071733,snp,G,A,A:20 G:0
NC_002695.2,3088192,snp,A,G,G:20 A:0
NC_002695.2,3101676,snp,G,A,A:20 G:0
NC_002695.2,3104670,snp,A,C,C:20 A:0
NC_002695.2,3107152,snp,G,A,A:20 G:0
NC_002695.2,3131942,snp,G,T,T:20 G:0
NC_002695.2,3131951,snp,A,C,C:20 A:0
NC_002695.2,3131964,snp,C,T,T:20 C:0
NC_002695.2,3133683,snp,G,T,T:20 G:0
NC_002695.2,3172800,snp,G,T,T:20 G:0
NC_002695.2,3179349,snp,C,G,G:20 C:0
NC_002695.2,3182490,ins,T,TA,TA:19 T:0
NC_002695.2,3183426,snp,G,A,A:20 G:0
NC_002695.2,3185029,snp,T,A,A:20 T:0
NC_002695.2,3190600,complex,CTC,AGA,AGA:18 CTC:0
NC_002695.2,3211549,snp,A,G,G:20 A:0
NC_002695.2,3218357,snp,C,T,T:20 C:0
NC_002695.2,3234719,snp,G,A,A:20 G:0
NC_002695.2,3250817,snp,T,C,C:20 T:0
NC_002695.2,3254514,snp,G,A,A:20 G:0
NC_002695.2,3257806,snp,C,T,T:20 C:0
NC_002695.2,3260739,snp,A,T,T:20 A:0
NC_002695.2,3280291,snp,T,C,C:20 T:0
NC_002695.2,3304232,snp,T,G,G:20 T:0
NC_002695.2,3311148,snp,T,C,C:20 T:0
NC_002695.2,3318335,snp,G,T,T:20 G:0
NC_002695.2,3318852,ins,A,AC,AC:19 A:0
NC_002695.2,3366039,ins,T,TA,TA:18 T:0
NC_002695.2,3383162,snp,A,C,C:20 A:0
NC_002695.2,3391397,snp,C,A,A:20 C:0
NC_002695.2,3397640,snp,T,A,A:20 T:0
NC_002695.2,3399624,snp,A,C,C:20 A:0
NC_002695.2,3403969,snp,A,G,G:20 A:0
NC_002695.2,3414136,snp,A,G,G:20 A:0
NC_002695.2,3452062,snp,T,C,C:20 T:0
NC_002695.2,3459167,snp,G,A,A:20 G:0
NC_002695.2,3466887,snp,A,C,C:20 A:0
NC_002695.2,3469505,snp,C,T,T:20 C:0
NC_002695.2,3498579,snp,A,C,C:20 A:0
NC_002695.2,3506097,ins,A,AT,AT:19 A:0
NC_002695.2,3528916,snp,C,T,T:20 C:0
NC_002695.2,3541805,snp,A,G,G:20 A:0
NC_002695.2,3549780,snp,T,C,C:19 T:0
NC_002695.2,3549787,ins,C,CTTTCA,CTTTCA:18 C:0
NC_002695.2,3560056,snp,A,T,T:20 A:0
NC_002695.2,3562908,snp,T,C,C:20 T:0
NC_002695.2,3563271,snp,A,G,G:20 A:0
NC_002695.2,3570701,snp,A,G,G:20 A:0
NC_002695.2,3611895,snp,G,A,A:20 G:0
NC_002695.2,3622827,snp,A,G,G:20 A:0
NC_002695.2,3624071,snp,A,G,G:20 A:0
NC_002695.2,3626420,snp,A,C,C:20 A:0
NC_002695.2,3684983,snp,A,G,G:20 A:0
NC_002695.2,3700704,snp,C,T,T:20 C:0
NC_002695.2,3706892,snp,G,A,A:20 G:0
NC_002695.2,3707875,snp,G,T,T:20 G:0
NC_002695.2,3734522,snp,A,C,C:20 A:0
NC_002695.2,3739508,snp,G,A,A:20 G:0
NC_002695.2,3744863,snp,A,G,G:20 A:0
NC_002695.2,3744942,snp,C,A,A:20 C:0
NC_002695.2,3749621,snp,A,C,C:20 A:0
NC_002695.2,3752960,snp,A,G,G:20 A:0
NC_002695.2,3754167,snp,C,T,T:20 C:0
NC_002695.2,3777351,snp,T,G,G:20 T:0
NC_002695.2,3789105,snp,A,C,C:20 A:0
NC_002695.2,3798006,snp,C,G,G:20 C:0
NC_002695.2,3800764,snp,A,G,G:20 A:0
NC_002695.2,3802210,snp,C,T,T:20 C:0
NC_002695.2,3817540,del,GTACCTGCGCCAGACGTT,G,G:17 GTACCTGCGCCAGACGTT:0
NC_002695.2,3821060,snp,A,G,G:20 A:0
NC_002695.2,3840920,snp,T,C,C:20 T:0
NC_002695.2,3884152,snp,T,C,C:20 T:0
NC_002695.2,3885184,snp,A,G,G:20 A:0
NC_002695.2,3919429,snp,T,G,G:20 T:0
NC_002695.2,3931813,snp,A,G,G:20 A:0
NC_002695.2,3949433,snp,A,T,T:20 A:0
NC_002695.2,3956391,snp,T,C,C:20 T:0
NC_002695.2,3970609,snp,G,A,A:20 G:0
NC_002695.2,3980612,snp,A,T,T:20 A:0
NC_002695.2,3993537,del,CCGCCCCTGCTCCAGCCGTTCCCA,C,C:16 CCGCCCCTGCTCCAGCCGTTCCCA:0
NC_002695.2,4023322,del,TC,T,T:19 TC:0
NC_002695.2,4042997,snp,G,A,A:20 G:0
NC_002695.2,4046945,snp,C,T,T:20 C:0
NC_002695.2,4051230,snp,G,A,A:20 G:0
NC_002695.2,4076756,snp,G,A,A:20 G:0
NC_002695.2,4077195,snp,G,A,A:20 G:0
NC_002695.2,4077609,snp,C,A,A:20 C:0
NC_002695.2,4086986,snp,T,C,C:20 T:0
NC_002695.2,4096740,snp,G,T,T:20 G:0
NC_002695.2,4106085,snp,G,A,A:20 G:0
NC_002695.2,4120609,snp,G,T,T:20 G:0
NC_002695.2,4120630,snp,A,G,G:20 A:0
NC_002695.2,4120727,snp,A,G,G:20 A:0
NC_002695.2,4142543,snp,A,T,T:20 A:0
NC_002695.2,4143318,snp,T,C,C:20 T:0
NC_002695.2,4156846,snp,T,C,C:20 T:0
NC_002695.2,4180046,snp,A,T,T:20 A:0
NC_002695.2,4221025,snp,C,G,G:20 C:0
NC_002695.2,4321374,snp,T,C,C:20 T:0
NC_002695.2,4330642,snp,T,C,C:20 T:0
NC_002695.2,4349170,snp,A,G,G:20 A:0
NC_002695.2,4390796,snp,C,T,T:20 C:0
NC_002695.2,4415214,snp,A,C,C:20 A:0
NC_002695.2,4431026,ins,T,TTTGTTGTAAC,TTTGTTGTAAC:17 T:0
NC_002695.2,4432494,snp,C,T,T:18 C:0
NC_002695.2,4432606,ins,G,GCCGCCAGCACCGCCAGCA,GCCGCCAGCACCGCCAGCA:13 G:0
NC_002695.2,4438231,snp,C,A,A:20 C:0
NC_002695.2,4458741,snp,A,C,C:20 A:0
NC_002695.2,4483059,snp,C,T,T:20 C:0
NC_002695.2,4493367,snp,C,T,T:20 C:0
NC_002695.2,4500782,snp,A,C,C:20 A:0
NC_002695.2,4538143,snp,T,G,G:20 T:0
NC_002695.2,4578484,snp,A,G,G:20 A:0
NC_002695.2,4578946,snp,T,C,C:20 T:0
NC_002695.2,4589123,snp,A,G,G:20 A:0
NC_002695.2,4591591,snp,C,A,A:20 C:0
NC_002695.2,4600521,del,CTTGTAG,C,C:17 CTTGTAG:0
NC_002695.2,4620940,snp,T,C,C:20 T:0
NC_002695.2,4655097,snp,A,G,G:20 A:0
NC_002695.2,4660309,snp,G,A,A:20 G:0
NC_002695.2,4676783,snp,T,C,C:20 T:0
NC_002695.2,4677025,snp,A,G,G:20 A:0
NC_002695.2,4690224,snp,A,G,G:20 A:0
NC_002695.2,4690628,snp,G,A,A:20 G:0
NC_002695.2,4699731,del,AGGCGCTGGTTTTGCGCCCGTCAGACTGGCG,A,A:16 AGGCGCTGGTTTTGCGCCCGTCAGACTGGCG:0
NC_002695.2,4705540,snp,T,G,G:20 T:0
NC_002695.2,4708362,snp,T,C,C:20 T:0
NC_002695.2,4709321,snp,A,G,G:20 A:0
NC_002695.2,4718528,snp,C,A,A:20 C:0
NC_002695.2,4724749,snp,A,G,G:20 A:0
NC_002695.2,4730161,snp,A,G,G:20 A:0
NC_002695.2,4758105,snp,T,C,C:20 T:0
NC_002695.2,4771850,snp,C,A,A:20 C:0
NC_002695.2,4809319,snp,A,G,G:20 A:0
NC_002695.2,4810566,snp,T,C,C:20 T:0
NC_002695.2,4842254,del,GC,G,G:19 GC:0
NC_002695.2,4881997,snp,C,T,T:20 C:0
NC_002695.2,4898549,snp,G,A,A:20 G:0
NC_002695.2,4900795,snp,T,C,C:20 T:0
NC_002695.2,4901337,snp,A,G,G:20 A:0
NC_002695.2,4901646,snp,A,G,G:20 A:0
NC_002695.2,4916810,snp,C,T,T:20 C:0
NC_002695.2,4918428,snp,C,T,T:20 C:0
NC_002695.2,4937256,snp,C,T,T:20 C:0
NC_002695.2,4937613,snp,C,T,T:20 C:0
NC_002695.2,4938504,snp,T,G,G:20 T:0
NC_002695.2,4950277,snp,T,G,G:20 T:0
NC_002695.2,4952290,snp,C,T,T:20 C:0
NC_002695.2,4959587,snp,C,T,T:20 C:0
NC_002695.2,4962613,snp,T,C,C:20 T:0
NC_002695.2,4964953,snp,G,A,A:20 G:0
NC_002695.2,4966461,snp,A,T,T:20 A:0
NC_002695.2,4987521,snp,C,T,T:20 C:0
NC_002695.2,5001607,snp,C,T,T:20 C:0
NC_002695.2,5106295,snp,A,G,G:20 A:0
NC_002695.2,5113578,snp,T,A,A:20 T:0
NC_002695.2,5114523,del,TA,T,T:20 TA:0
NC_002695.2,5136426,del,AT,A,A:20 AT:0
NC_002695.2,5162008,snp,T,C,C:20 T:0
NC_002695.2,5171714,del,TCAGCGACAC,T,T:18 TCAGCGACAC:0
NC_002695.2,5173582,snp,C,T,T:20 C:0
NC_002695.2,5175460,snp,T,C,C:20 T:0
NC_002695.2,5188678,snp,G,T,T:20 G:0
NC_002695.2,5189011,snp,G,C,C:20 G:0
NC_002695.2,5223445,snp,A,T,T:20 A:0
NC_002695.2,5246948,snp,T,C,C:20 T:0
NC_002695.2,5252968,snp,A,C,C:20 A:0
NC_002695.2,5263576,snp,C,T,T:20 C:0
NC_002695.2,5271099,snp,A,C,C:20 A:0
NC_002695.2,5278269,snp,G,A,A:20 G:0
NC_002695.2,5288705,snp,T,G,G:20 T:0
NC_002695.2,5293464,snp,T,C,C:20 T:0
NC_002695.2,5303421,snp,T,C,C:20 T:0
NC_002695.2,5311699,snp,A,G,G:20 A:0
NC_002695.2,5322010,snp,T,C,C:20 T:0
NC_002695.2,5358142,snp,C,T,T:20 C:0
NC_002695.2,5364164,del,GC,G,G:18 GC:0
NC_002695.2,5376551,snp,T,C,C:20 T:0
NC_002695.2,5398431,snp,T,C,C:20 T:0
NC_002695.2,5426187,del,ATATCTTTATCTT,A,A:14 ATATCTTTATCTT:0
NC_002695.2,5428707,snp,A,G,G:20 A:0
NC_002695.2,5467748,snp,C,T,T:20 C:0
NC_002695.2,5471299,snp,T,C,C:20 T:0
NC_002128.1,1875,snp,T,C,C:20 T:0
NC_002128.1,8489,snp,A,G,G:20 A:0
NC_002128.1,14308,snp,G,A,A:20 G:0
NC_002128.1,14803,snp,T,C,C:20 T:0
NC_002128.1,20464,snp,G,A,A:20 G:0
NC_002128.1,27688,del,TGCTCGCGCAGCGGCAGCGCCTCCGCGCGTA,T,T:15 TGCTCGCGCAGCGGCAGCGCCTCCGCGCGTA:0
NC_002128.1,30564,ins,A,AG,AG:16 A:0
NC_002128.1,39806,snp,A,G,G:20 A:0
NC_002128.1,43075,snp,C,G,G:20 C:0
NC_002128.1,45077,snp,A,G,G:20 A:0
NC_002128.1,49839,snp,A,G,G:20 A:0
NC_002128.1,54347,del,TACCTCAC,T,T:13 TACCTCAC:0
NC_002128.1,56690,snp,T,A,A:20 T:0
NC_002128.1,61002,snp,A,G,G:20 A:0
NC_002128.1,61572,snp,C,A,A:20 C:0
NC_002128.1,61643,snp,C,T,T:20 C:0
NC_002128.1,75446,snp,T,A,A:11 T:0
NC_002128.1,79189,snp,G,T,T:20 G:0
NC_002128.1,82826,snp,C,T,T:20 C:0
NC_002128.1,85533,snp,A,G,G:20 A:0
NC_002128.1,85919,del,CA,C,C:20 CA:0
